<?xml version="1.0"?>
<WLANProfile xmlns="http://www.microsoft.com/networking/WLAN/profile/v1">
	<name>AGS_Private</name>
	<SSIDConfig>
		<SSID>
			<hex>4147535F50726976617465</hex>
			<name>AGS_Private</name>
		</SSID>
	</SSIDConfig>
	<connectionType>ESS</connectionType>
	<connectionMode>auto</connectionMode>
	<MSM>
		<security>
			<authEncryption>
				<authentication>WPA2PSK</authentication>
				<encryption>AES</encryption>
				<useOneX>false</useOneX>
			</authEncryption>
			<sharedKey>
				<keyType>passPhrase</keyType>
				<protected>false</protected>
				<keyMaterial>Tooth Apnea Dentist Smiles 12</keyMaterial>
			</sharedKey>
		</security>
	</MSM>
	<MacRandomization xmlns="http://www.microsoft.com/networking/WLAN/profile/v3">
		<enableRandomization>false</enableRandomization>
		<randomizationSeed>529977092</randomizationSeed>
	</MacRandomization>
</WLANProfile>
