<?xml version="1.0"?>
<WLANProfile xmlns="http://www.microsoft.com/networking/WLAN/profile/v1">
	<name>SMI_1151</name>
	<SSIDConfig>
		<SSID>
			<hex>534D495F31313531</hex>
			<name>SMI_1151</name>
		</SSID>
		<nonBroadcast>true</nonBroadcast>
	</SSIDConfig>
	<connectionType>ESS</connectionType>
	<connectionMode>auto</connectionMode>
	<MSM>
		<security>
			<authEncryption>
				<authentication>WPA2PSK</authentication>
				<encryption>AES</encryption>
				<useOneX>false</useOneX>
			</authEncryption>
			<sharedKey>
				<keyType>passPhrase</keyType>
				<protected>false</protected>
				<keyMaterial>what!stheD3al</keyMaterial>
			</sharedKey>
		</security>
	</MSM>
	<MacRandomization xmlns="http://www.microsoft.com/networking/WLAN/profile/v3">
		<enableRandomization>true</enableRandomization>
		<randomizationSeed>1673196494</randomizationSeed>
	</MacRandomization>
</WLANProfile>
