<?xml version="1.0"?>
<WLANProfile xmlns="http://www.microsoft.com/networking/WLAN/profile/v1">
	<name>903 Commerce WiFi</name>
	<SSIDConfig>
		<SSID>
			<hex>39303320436F6D6D657263652057694669</hex>
			<name>903 Commerce WiFi</name>
		</SSID>
	</SSIDConfig>
	<connectionType>ESS</connectionType>
	<connectionMode>manual</connectionMode>
	<MSM>
		<security>
			<authEncryption>
				<authentication>open</authentication>
				<encryption>none</encryption>
				<useOneX>false</useOneX>
			</authEncryption>
		</security>
	</MSM>
	<MacRandomization xmlns="http://www.microsoft.com/networking/WLAN/profile/v3">
		<enableRandomization>false</enableRandomization>
		<randomizationSeed>397381620</randomizationSeed>
	</MacRandomization>
</WLANProfile>
